"name","inhabitants","area","density","density2"
"1","Valdivia",143207,1015.6,141.007286333202,141
"2","Lanco",16752,532.4,31.4650638617581,31.5
"3","Osorno",139550,951.3,146.693997687375,146.7
"4","Puyehue",10979,1598,6.87046307884856,6.9
