N_quant,N_fact,yield
50,N50,14.89440996
70,N70,20.08256589
90,N90,27.50099867
110,N110,32.54187664
130,N130,35.99974989
150,N150,42.91912665
50,N50,11.19544227
70,N70,17.94007219
90,N90,23.58501072
110,N110,30.07290688
130,N130,36.84034136
150,N150,40.22436549
50,N50,14.47062141
70,N70,14.76376712
90,N90,23.88684131
110,N110,25.17019403
130,N130,34.10326419
150,N150,40.72090145
